<?xml version = "1.0" encoding = "UTF-8"?>
<!DOCTYPE mapper PUBLIC
        "-//mybatis.org//DTD com.example.Mapper 3.0//EN"
        "http://mybatis.org/dtd/mybatis-3-mapper.dtd">
<mapper namespace="com.gupao.springbootmybatis.dao.UserMapper">
    <resultMap id="result" type="com.gupao.springbootmybatis.domain.User">
        <result property="username" column="username"/>
        <result property="password" column="password"/>
        <result property="number" column="number"/>
    </resultMap>
    <select id="find" resultMap="result">
        SELECT * FROM t_user where username=#{username}
    </select>
    <select id="list" resultMap="result">
        SELECT * FROM t_user
    </select>
    <insert id="insert" parameterType="com.gupao.springbootmybatis.domain.User"
            keyProperty="id" useGeneratedKeys="true">
        INSERT INTO t_user
        (
        id,username,password,number
        )
        VALUES (
        #{id},
        #{username, jdbcType=VARCHAR},
        #{password, jdbcType=VARCHAR},
        #{number}
        )
    </insert>
    <delete id="delete" parameterType="int">
        delete from t_user where id=#{id}
    </delete>
    <update id="update" parameterType="com.gupao.springbootmybatis.domain.User">
        update t_user set username=#{username},password=#{password},number=#{number} where id=#{id}
    </update>
</mapper>